scene_name,uv_to_cam_00,uv_to_cam_01,uv_to_cam_02,uv_to_cam_10,uv_to_cam_11,uv_to_cam_12,uv_to_cam_20,uv_to_cam_21,uv_to_cam_22
ai_001_001,0.57735028861691,0,0,0,0.433012716462683,0,0,0,-1
ai_001_002,0.57735028861691,0,0,0,0.433012716462683,0,0,0,-1
ai_001_003,0.57735028861691,0,0,0,0.433012716462683,0,0,0,-1
ai_001_004,0.57735028861691,0,0,0,0.433012716462683,0,0,0,-1
ai_001_005,0.57735028861691,0,0,0,0.433012716462683,0,0,0,-1
ai_001_006,0.57735028861691,0,0,0,0.433012716462683,0,0,0,-1
ai_001_007,0.57735028861691,0,0,0,0.433012716462683,0,0,0,-1
ai_001_008,0.57735028861691,0,0,0,0.433012716462683,0,0,0,-1
ai_001_009,0.57735028861691,0,0,0,0.433012716462683,0,0,0,-1
ai_001_010,0.57735028861691,0,0,0,0.433012716462683,0,0,0,-1
ai_002_001,0.57735028861691,0,0,0,0.433012716462683,0,0,0,-1
ai_002_002,0.57735028861691,0,0,0,0.433012716462683,0,0,0,-1
ai_002_003,0.57735028861691,0,0,0,0.433012716462683,0,0,0,-1
ai_002_004,0.57735028861691,0,0,0,0.433012716462683,0,0,0,-1
ai_002_005,0.57735028861691,0,0,0,0.433012716462683,0,0,0,-1
ai_002_006,0.57735028861691,0,0,0,0.433012716462683,0,0,0,-1
ai_002_007,0.57735028861691,0,0,0,0.433012716462683,0,0,0,-1
ai_002_008,0.57735028861691,0,0,0,0.433012716462683,0,0,0,-1
ai_002_009,0.57735028861691,0,0,0,0.433012716462683,0,0,0,-1
ai_002_010,0.57735028861691,0,0,0,0.433012716462683,0,0,0,-1
ai_003_001,0.57735028861691,0,0,0,0.433012716462683,0,0,0,-1
ai_003_002,0.57735028861691,0,0,0,0.433012716462683,0,0,0,-1
ai_003_003,0.57735028861691,0,0,0,0.433012716462683,0,0,0,-1
ai_003_004,0.57735028861691,0,0,0,0.433012716462683,0,0,0,-1
ai_003_005,0.57735028861691,0,0,0,0.433012716462683,0,0,0,-1
ai_003_006,0.57735028861691,0,0,0,0.433012716462683,0,0,0,-1
ai_003_007,0.57735028861691,0,0,0,0.433012716462683,0,0,0,-1
ai_003_008,0.57735028861691,0,0,0,0.433012716462683,0,0,0,-1
ai_003_009,0.57735028861691,0,0,0,0.433012716462683,0,0,0,-1
ai_003_010,0.57735028861691,0,0,0,0.433012716462683,0,0,0,-1
ai_004_001,0.57735028861691,0,0,0,0.433012716462683,0,0,0,-1
ai_004_002,0.57735028861691,0,0,0,0.433012716462683,0,0,0,-1
ai_004_003,0.57735028861691,0,0,0,0.433012716462683,0,0,0,-1
ai_004_004,0.57735028861691,0,0,0,0.433012716462683,0,0,0,-1
ai_004_005,0.57735028861691,0,0,0,0.433012716462683,0,0,0,-1
ai_004_006,0.57735028861691,0,0,0,0.433012716462683,0,0,0,-1
ai_004_007,0.57735028861691,0,0,0,0.433012716462683,0,0,0,-1
ai_004_008,0.57735028861691,0,0,0,0.433012716462683,0,0,0,-1
ai_004_009,0.57735028861691,0,0,0,0.433012716462683,0,0,0,-1
ai_004_010,0.57735028861691,0,0,0,0.433012716462683,0,0,0,-1
ai_005_001,0.577350288506287,0,0,0,0.433012716379715,0,0,0,-1.00000000038321
ai_005_003,0.577350288596863,0,0,0,0.433012716447647,0,0,0,-1.00000000006945
ai_005_004,0.57735028873728,0,0,0,0.43301271655296,0,0,0,-0.999999999583028
ai_005_005,0.57735028861691,0,0,0,0.433012716462683,0,0,0,-1
ai_005_006,0.57735028861691,0,0,0,0.433012716462683,0,0,0,-1
ai_005_007,0.57735028873728,0,0,0,0.43301271655296,0,0,0,-0.999999999583028
ai_005_008,0.57735028873728,0,0,0,0.43301271655296,0,0,0,-0.999999999583028
ai_005_009,0.577350288581779,0,0,0,0.433012716436334,0,0,0,-1.0000000001217
ai_005_010,0.577350288628784,0,0,0,0.433012716471588,0,0,0,-0.999999999958869
ai_006_001,0.57735028873728,0,0,0,0.43301271655296,0,0,0,-0.999999999583028
ai_006_002,0.57735028873728,0,0,0,0.43301271655296,0,0,0,-0.999999999583028
ai_006_003,0.57735028873728,0,0,0,0.43301271655296,0,0,0,-0.999999999583028
ai_006_004,0.57735028873728,0,0,0,0.43301271655296,0,0,0,-0.999999999583028
ai_006_006,0.57735028873728,0,0,0,0.43301271655296,0,0,0,-0.999999999583028
ai_006_007,0.57735028873728,0,0,0,0.43301271655296,0,0,0,-0.999999999583028
ai_006_008,0.57735028873728,0,0,0,0.43301271655296,0,0,0,-0.999999999583028
ai_006_009,0.577350288575659,0,0,0,0.433012716431745,0,0,0,-1.0000000001429
ai_006_010,0.57735028873728,0,0,0,0.43301271655296,0,0,0,-0.999999999583028
ai_007_001,0.577350288475008,0,0,0,0.433012716356256,0,0,-4.83929382946525E-09,-1.00000000049157
ai_007_002,0.577350288475008,0,0,0,0.433012716356256,0,0,0,-1.00000000049157
ai_007_004,0.577350288538638,0,0,0,0.433012716403978,0,0,0,-1.00000000027114
ai_007_005,0.592554476842785,0,0,0,0.433107778674518,0,0,0.0996147909022055,-1.02633442602635
ai_007_006,0.581502234087563,0,0,0,0.433020074952851,0,0,0.0519624078328918,-1.00719138067308
ai_007_007,0.577610076674159,0,0,0,0.433012745601628,0,0,0.0129903820776912,-1.00044996650611
ai_007_008,0.579196824945122,0,0,0,0.433014183350233,0,0,0.0346411338937289,-1.00319829576339
ai_007_009,0.579686981359475,0,0,0,0.433015061834919,0,0,0.0389713571137252,-1.00404726995397
ai_007_010,0.577350288637375,0,0,0,0.433012716478031,0,0,0,-0.99999999992911
ai_008_001,0.57735028861691,0,0,0,0.433012716462683,0,0,0,-1
ai_008_002,0.57735028861691,0,0,0,0.433012716462683,0,0,0,-1
ai_008_003,0.57735028861691,0,0,0,0.433012716462683,0,0,0,-1
ai_008_004,0.57735028861691,0,0,0,0.433012716462683,0,0,0,-1
ai_008_005,0.57735028861691,0,0,0,0.433012716462683,0,0,0,-1
ai_008_006,0.57735028861691,0,0,0,0.433012716462683,0,0,0,-1
ai_008_007,0.57735028861691,0,0,0,0.433012716462683,0,0,0,-1
ai_008_008,0.584724673575269,0,0,0,0.43303567612094,0,0,0.0692857066306941,-1.01277280940457
ai_008_009,0.579196824587763,0,0,0,0.433014183595977,0,0,0.0346411274609743,-1.00319829343792
ai_008_010,0.57735028873728,0,0,0,0.43301271655296,0,0,0,-0.999999999583028
ai_009_001,0.577350288610535,0,0,0,0.433012716457901,0,0,0,-1.00000000002209
ai_009_002,0.57735028873728,0,0,0,0.43301271655296,0,0,0,-0.999999999583028
ai_009_003,0.57735028873728,0,0,0,0.43301271655296,0,0,0,-0.999999999583028
ai_009_004,0.577350288677493,0,0,0,0.43301271650812,0,0,0,-0.999999999790135
ai_009_005,0.577350288677493,0,0,0,0.43301271650812,0,0,0,-0.999999999790135
ai_009_006,0.577350288634951,0,0,0,0.433012716476213,0,0,0,-0.999999999937507
ai_009_007,0.57735028873728,0,0,0,0.43301271655296,0,0,0,-0.999999999583028
ai_009_008,0.57735028873728,0,0,0,0.43301271655296,0,0,0,-0.999999999583027
ai_009_009,0.577350290795577,0,0,0,0.433012716419266,0,0,-3.81141174051926E-05,-1.00000000407436
ai_010_001,0.57735028861691,0,0,0,0.433012716462683,0,0,0,-1
ai_010_002,0.57735028861691,0,0,0,0.433012716462683,0,0,0,-1
ai_010_003,0.57735028861691,0,0,0,0.433012716462683,0,0,0,-1
ai_010_004,0.57735028861691,0,0,0,0.433012716462683,0,0,0,-1
ai_010_005,0.57735028861691,0,0,0,0.433012716462683,0,0,0,-1
ai_010_006,0.57735028861691,0,0,0,0.433012716462683,0,0,0,-1
ai_010_007,0.57735028861691,0,0,0,0.433012716462683,0,0,0,-1
ai_010_008,0.57735028861691,0,0,0,0.433012716462683,0,0,0,-1
ai_010_009,0.578389207614497,0,0,0,0.433013182239145,0,0,0.0259807903536328,-1.00179945987582
ai_011_001,0.57735028873728,0,0,0,0.43301271655296,0,0,0,-0.999999999583028
ai_011_003,0.57735028861691,0,0,0,0.433012716462683,0,0,0,-1
ai_011_004,0.57735028861691,0,0,0,0.433012716462683,0,0,0,-1
ai_011_005,0.57735028861691,0,0,0,0.433012716462683,0,0,0,-1
ai_011_006,0.57735028861691,0,0,0,0.433012716462683,0,0,0,-1
ai_011_007,0.57735028859013,0,0,0,0.433012716442598,0,0,0,-1.00000000009277
ai_011_008,0.57735028873728,0,0,0,0.43301271655296,0,0,0,-0.999999999583028
ai_011_009,0.57735028873728,0,0,0,0.43301271655296,0,0,0,-0.999999999583028
ai_011_010,0.57735028861691,0,0,0,0.433012716462683,0,0,0,-1
ai_012_001,0.577350288815444,0,0,0,0.433012716611583,0,0,0,-0.99999999931226
ai_012_002,0.578906349114118,0,0,0,0.43301375932874,0,0,0.031798582037574,-1.00269517556607
ai_012_003,0.578190957031597,0,0,0,0.433013021551238,0,0,0.023370140953658,-1.00145608065379
ai_012_004,0.579926282548831,0,0,0,0.433015564476371,0,0,0.0409197182431024,-1.00446175159169
ai_012_005,0.581450050242429,0,0,0,0.433019892575878,0,0,0.0516344183173311,-1.00710099456548
ai_012_006,0.582833380159199,0,0,0,0.433025491578865,0,0,0.0597262084098613,-1.0094969924171
ai_012_007,0.579927826195493,0,0,0,0.433015567725805,0,0,0.0409319878548951,-1.00446442630283
ai_012_008,0.578309489456334,0,0,0,0.433013113633575,0,0,0.024963830208559,-1.00166138390614
ai_012_009,0.577782662626359,0,0,0,0.433012797382488,0,0,0.0167591839231518,-1.00074889310111
ai_012_010,0.57913740358979,0,0,0,0.433014091044653,0,0,0.034078898748787,-1.00309537279303
ai_013_001,0.579747940027252,0,0,0,0.43301518525202,0,0,-0.0394767773120521,-1.00415285365186
ai_013_002,0.58468270534018,0,0,0,0.433035418690611,0,0,-0.0690878118169041,-1.01270011883859
ai_013_003,0.578590743446547,0,0,0,0.433013379960446,0,0,-0.0283899630392826,-1.00214853029364
ai_013_004,0.577350288560245,0,0,0,0.433012716420184,0,0,0,-1.0000000001963
ai_013_005,0.577350288604643,0,0,0,0.433012716453482,0,0,0,-1.0000000000425
ai_013_006,0.578199063788463,0,0,0,0.433013027599845,0,0,0.0234825775226943,-1.00147012097012
ai_013_007,0.57735028854767,0,0,0,0.433012716410752,0,0,0,-1.00000000023986
ai_013_008,0.578342606173019,0,0,0,0.43301314137729,0,0,-0.0253912403056276,-1.00171874443044
ai_013_009,0.57739307011126,0,0,0,0.4330127171184,0,0,-0.0052714190001803,-1.00007410066636
ai_013_010,0.578258920614097,0,0,0,0.433013072704179,0,0,0.0242967015567358,-1.00157379767999
ai_014_001,0.584464381618108,0,0,0,0.433034103034893,0,0,0.0680491413255876,-1.0123219690689
ai_014_002,0.581445408777027,0,0,0,0.433019876509586,0,0,0.0516051446399218,-1.00709295490282
ai_014_003,0.578054938203178,0,0,0,0.433012930900808,0,0,0.0213957224007448,-1.00122048913785
ai_014_004,0.577351146847877,0,0,0,0.433012716553279,0,0,-0.000746565026455765,-1.00000148587413
ai_014_005,0.580330396089095,0,0,0,0.433016522766777,0,0,0.0440151776378319,-1.00516169710645
ai_014_006,0.577350288730506,0,0,0,0.433012716547879,0,0,0,-0.999999999606493
ai_014_008,0.577361844865915,0,0,0,0.433012716547003,0,0,0.00273970915551417,-1.00002001582618
ai_014_009,0.577738386581148,0,0,0,0.433012781615754,0,0,0.0158778251082582,-1.00067220522935
ai_014_010,0.577350288538638,0,0,0,0.433012716403978,0,0,0,-1.00000000027114
ai_015_001,0.577762877906595,0,0,0,0.433012790218186,0,0,0.0163712092970563,-1.000714624556
ai_015_002,0.577356806007901,0,0,0,0.433012716629977,0,0,0.002057437429731,-1.00001128742033
ai_015_003,0.577360290285914,0,0,0,0.4330127166549,0,0,0.00254875746204522,-1.00001732236666
ai_015_004,0.578963534407901,0,0,0,0.433013837001255,0,0,0.0323778850201064,-1.00279422453066
ai_015_005,0.577551108470912,0,0,0,0.433012733776617,0,0,-0.0114212090554914,-1.00034783112587
ai_015_006,0.580916732482239,0,0,0,0.433018157020912,0,0,0.0481551280654347,-1.00617726073125
ai_015_007,0.577378004682025,0,0,0,0.433012716864579,0,0,-0.00424289960009815,-1.00004800515125
ai_015_008,0.577417137384598,0,0,0,0.433012718469828,0,0,0.00658941007757812,-1.00011578495542
ai_015_009,0.577661948110895,0,0,0,0.433012758339798,0,0,0.014228392602534,-1.00053981100753
ai_015_010,0.577350299935638,0,0,0,0.433012716326003,0,0,8.64297253442262E-05,-1.00000002055155
ai_016_001,0.577429475505942,0,0,0,0.43301271916797,0,0,0.00717179051815486,-1.00013715577423
ai_016_002,0.577350288815444,0,0,0,0.433012716611583,0,0,0,-0.99999999931226
ai_016_003,0.581759409381637,0,0,0,0.433021007679447,0,0,0.0535496289489116,-1.00763681988475
ai_016_004,0.57735074717432,0,0,0,0.433012716456205,0,0,0.000545754076810022,-1.00000079429021
ai_016_005,0.577977069615662,0,0,0,0.433012886123527,0,0,-0.0201787081925794,-1.00108561706293
ai_016_006,0.581912748600012,0,0,0,0.433021589738184,0,0,0.0544741154005933,-1.00790241119256
ai_016_007,0.583572292283202,0,0,0,0.433029125458538,0,0,-0.0636307742762173,-1.01077682506954
ai_016_008,0.577407178780297,0,0,0,0.433012717954134,0,0,-0.00607879718141869,-1.0000985360246
ai_016_009,0.577350288815444,0,0,0,0.433012716611583,0,0,0,-0.99999999931226
ai_016_010,0.577487555044686,0,0,0,0.433012724766597,0,0,-0.00944248751230209,-1.00023775138722
ai_017_001,0.577455053731136,0,0,0,0.433012721362516,0,0,0.00824917392952043,-1.0001814574628
ai_017_002,0.581653172369777,0,0,0,0.433020615780212,0,0,0.0528997030353476,-1.00745281227878
ai_017_003,0.577350288419052,0,0,0,0.433012716314289,0,0,0,-1.0000000006854
ai_017_004,0.598092677106998,0,0,0,0.433186436799865,0,0,-0.116465077717348,-1.03592686845759
ai_017_005,0.57743822949207,0,0,0,0.433012719959332,0,0,0.00755781700118414,-1.00015231702695
ai_017_006,0.577350288815715,0,0,0,0.433012716611583,0,0,4.1978337174829E-07,-0.999999999312729
ai_017_007,0.577645515442973,0,0,0,0.43301275411218,0,0,-0.0138481723102633,-1.00051134821138
ai_017_008,0.587318801730984,0,0,0,0.433054303733368,0,0,-0.0805891951848223,-1.0172659715718
ai_017_009,0.623411518783029,0,0,0,0.433803068402329,0,0,-0.17443044123623,-1.0797803892448
ai_017_010,0.578499312548739,0,0,0,0.433013285745843,0,0,0.0273232975861376,-1.0019901687109
ai_018_001,0.577607180207415,0,0,0,0.433012745177484,0,0,0.0129177490932736,-1.00044494813365
ai_018_002,0.577372273570348,0,0,0,0.433012716762847,0,0,0.00377884354549887,-1.00003807842538
ai_018_003,0.577476947693403,0,0,0,0.433012723403672,0,0,0.00907030865020748,-1.00021937996621
ai_018_004,0.578356574983013,0,0,0,0.433013153403673,0,0,0.0255693836761488,-1.00174293911826
ai_018_005,0.579137406291052,0,0,0,0.433014091045596,0,0,0.0340789245585123,-1.00309537749392
ai_018_006,0.579927853669378,0,0,0,0.433015567987885,0,0,-0.0409322040362339,-1.00446447249248
ai_018_007,0.577350288604643,0,0,0,0.433012716453482,0,0,0,-1.0000000000425
ai_018_008,0.579137410141124,0,0,0,0.43301409089611,0,0,0.0340789632612241,-1.00309538523902
ai_018_009,0.577350288604643,0,0,0,0.433012716453482,0,0,0,-1.0000000000425
ai_018_010,0.577857317290199,0,0,0,0.433012827539199,0,0,0.0181486419887346,-1.00087819971452
ai_019_001,0.580824295265489,0,0,0,0.433017880297812,0,0,-0.0475263106171862,-1.00601715478088
ai_019_002,0.579010730791594,0,0,0,0.433013903577884,0,0,-0.0328483126262062,-1.00287596940835
ai_019_003,0.578751312255455,0,0,0,0.433013562242938,0,0,0.030172226007119,-1.00242664445061
ai_019_004,0.577548224070651,0,0,0,0.433012733433077,0,0,-0.0113388797438177,-1.00034283413141
ai_019_006,0.603027383479854,0,0,0,0.433274676456888,0,0,-0.129698473125626,-1.0444740308496
ai_019_007,0.581632591842093,0,0,0,0.452148246230928,0,0.164145788120819,-0.0317748128845258,-1.03348795016982
ai_019_008,0.585185376775358,0,0,0,0.433038594121867,0,0,-0.0714223978965855,-1.01357076969929
ai_019_009,0.577697169783056,0,0,0,0.433012768405923,0,0,0.0150109504554247,-1.00060081645673
ai_021_001,0.578546005821263,0,0,0,0.433877175006452,0,-0.0347127595733851,-0.0265679093258693,-1.00327208862434
ai_021_002,0.592110033427996,0,-0.0355266012115983,0,0.442945475026837,0.354356499708758,0,0.0317583882884909,-1.025564626349
ai_021_003,0.579591216520041,0,0,0,0.433613188330128,0,0.0289795612578311,-0.0375547813532001,-1.00471727248892
ai_021_007,0.57735028861691,0,0,0,0.433012716462683,0,0,0,-1
ai_021_008,0.580073697991411,0,0,0,0.433028641668593,0,-0.00423580656866662,-0.0420639857411578,-1.0047349396862
ai_021_009,0.577966718829852,0,0,0,0.433012880799904,0,0,0.0200113618608241,-1.0010676873795
ai_021_010,0.57735028861691,0,0,0,0.433012716462683,0,0,0,-1
ai_022_001,0.57735028861691,0,0,0,0.433012716462683,0,0,0,-1
ai_022_002,0.580614401867337,0,0,0,0.433017278225516,0,0,-0.0460667593231206,-1.0056536104669
ai_022_003,0.57735028861691,0,0,0,0.433012716462683,0,0,0,-1
ai_022_004,0.579517343404773,0,0,0,0.433014734751486,0,0,-0.0375291499803307,-1.00375344907404
ai_022_005,0.577646791806206,0,0,0,0.433012754650155,0,0,0.0138780711028649,-1.00051355747238
ai_022_006,0.57735028861691,0,0,0,0.433012716462683,0,0,0,-1
ai_022_007,0.57735028861691,0,0,0,0.433012716462683,0,0,0,-1
ai_022_008,0.57735028861691,0,0,0,0.433012716462683,0,0,0,-1
ai_022_009,0.577398138682423,0,0,0,0.433012717412285,0,0,0.00557494357034912,-1.00008287903054
ai_022_010,0.579190316291265,0,0,0,0.433014173227616,0,0,0.0345799932351148,-1.00318702127671
ai_023_001,0.577465754960167,0,0,0,0.433012722338051,0,0,-0.00866025425318925,-1.00019999284204
ai_023_002,0.578171408995349,0,-0.0462537030703515,0,0.433628556746512,0.0462537116857769,0,0,-1.00142222163789
ai_023_003,0.578764219533377,0,0,0,0.433013577783194,0,0,-0.0303109505738717,-1.00244900105257
ai_023_004,0.577379155707229,0,0,0,0.433012716686794,0,0,-0.00433012707008205,-1.00005000021241
ai_023_005,0.577350288560767,0,0,0,0.433012716420575,0,0,0,-1.00000000019449
ai_023_006,0.577350288538638,0,0,0,0.433012716403979,0,0,0,-1.00000000027114
ai_023_007,0.577350288538638,0,0,0,0.433012716403978,0,0,0,-1.00000000027114
ai_023_008,0.57807182613165,0,0,0,0.433012941275188,0,0,-0.0216506473863792,-1.00124974000027
ai_023_009,0.579686981085831,0,0,0,0.433015061630512,0,0,-0.0389713570953286,-1.00404727089242
ai_023_010,0.577350288434671,0,0,0,0.433012716326003,0,0,0,-1.0000000006313
ai_024_001,0.650142592935492,0,0,0,0.434834814234669,0,0,-0.220633671162741,-1.12607996504301
ai_024_002,0.618230888871992,0,0,0,0.433645374904235,0,0,-0.164147781889089,-1.0708072732234
ai_024_003,0.60404355427497,0,0,0,0.433294890859899,0,0,-0.132265391359943,-1.0462340917203
ai_024_004,0.731482488729234,0,0,0,0.439583986960503,0,0,-0.328239087440862,-1.26696479218489
ai_024_005,0.606325050952651,0,0,0,0.433342751173938,0,0,-0.137862151893352,-1.05018575863281
ai_024_006,0.593233059415605,0,0,0,0.433116219797563,0,0,-0.10182540431564,-1.02750976488533
ai_024_007,0.577408855093978,0,0,0,0.433012718093183,0,0,0.00616770308392993,-1.00010143910206
ai_024_008,0.598192912253309,0,0,0,0.433188062136819,0,0,-0.116748256835278,-1.03610048084181
ai_024_009,0.578649726737841,0,0,0,0.433013444492802,0,0,-0.0290573425527686,-1.00225069173708
ai_024_010,0.577350288815444,0,0,0,0.433012716611583,0,0,0,-0.99999999931226
ai_024_011,0.595830082363263,0,0,0,0.433151635100794,0,0,-0.109885155842718,-1.03200794158229
ai_024_012,0.641826720027497,0,0,0,0.434477555091179,0,0,-0.207235058692894,-1.11167645018924
ai_024_013,0.579200315497076,0,0,0,0.433014189197,0,0,-0.0346738739112857,-1.00320433940908
ai_024_014,0.583833346829745,0,0,0,0.433030515143885,0,0,0.0649545798526457,-1.01122898679279
ai_024_015,0.577350288700206,0,0,0,0.433012716525154,0,0,0,-0.999999999711458
ai_024_016,0.59243036085916,0,0,0,0.4300255787069,-0.0458693940368085,0,-0.111806646362751,-1.02611944937326
ai_024_017,0.577350288833678,0,0,0,0.433012716625259,0,0,0,-0.999999999249094
ai_024_018,0.577481190854516,0,0,0,0.43301272388409,0,0,0.00922099299302966,-1.00022672928459
ai_024_019,0.577350288434671,0,0,0,0.433012716326003,0,0,0,-1.0000000006313
ai_026_001,0.597017776918582,0,0,0,0.433169451120774,0,0,-0.113385310849468,-1.03406508678275
ai_026_002,0.577581228356369,0,0,0,0.433185921267277,-0.0346548729267853,0,-1.29099457099254E-08,-1.0003999992633
ai_026_003,0.579137400207857,0,0,0,0.433014091039467,0,0,-0.034078866486315,-1.00309536693535
ai_026_004,0.5845975215852,0,0,0,0.433034900977458,0,0,-0.0686844017768534,-1.01255257424842
ai_026_005,0.579558466482501,0,0,0,0.433014811961752,0,0,-0.0378837915469771,-1.0038246750911
ai_026_006,0.790322536987877,0,0,0,0.443937739255029,0,0,-0.392762328807188,-1.36887874095613
ai_026_007,0.577375948649888,0,-0.0115475187148906,0,0.433031961487416,0,0,0,-1.00004444437767
ai_026_008,0.641826854549943,0,0,0,0.434477560620624,0,0,-0.207235281453788,-1.11167668318895
ai_026_009,0.60515877037677,0,0,0,0.433317860633401,0,0,0.135028779981529,-1.04816570209501
ai_026_011,0.57899252929014,0,0,0,0.434244396967605,0.0926388026157838,0,0,-1.00284444513821
ai_026_012,0.592568736743029,0,0,0,0.43310795276399,0,0,-0.0996617372441744,-1.02635912344493
ai_026_013,0.626047548116155,0,0,0,0.433888984370028,0,0,-0.179454970047811,-1.08434612461678
ai_026_014,0.577350288434671,0,0,0,0.433012716326003,0,0,0,-1.0000000006313
ai_026_015,0.579406363032048,0,0,0,0.43301453406783,0,0,0.0365549366318615,-1.00356122505815
ai_026_016,0.581502233981603,0,0,0,0.433020074873948,0,0,-0.0519624078234234,-1.00719138103367
ai_026_017,0.577350288434671,0,0,0,0.433012716326003,0,0,0,-1.0000000006313
ai_026_018,0.577350288473422,0,0,0,0.433012716355067,0,0,0,-1.00000000049706
ai_026_019,0.57735028865012,0,0,0,0.43301271648759,0,0,0,-0.99999999988496
ai_026_020,0.5773502886219,0,0,0,0.433012716466425,0,0,0,-0.999999999982716
ai_027_001,0.578982271436897,0,0,0,0.433013863110468,0,0,-0.0325654585128632,-1.0028266780158
ai_027_003,0.577610076570068,0,0,0,0.433012745523595,0,0,0.0129903820753502,-1.00044996686629
ai_027_004,0.577546838310734,0,0,0,0.433449110897406,0,0.0246018097486431,-0.00948778018911755,-1.00094511171321
ai_027_005,0.582621096961837,0,0,0,0.433024529974013,0,0,-0.0585566961786224,-1.00912930795361
ai_027_006,0.583891862222147,0,0,0,0.433030834284665,0,0,-0.0652476560224785,-1.01133033842214
ai_027_007,0.57746575463839,0,0,0,0.433012722096767,0,0,-0.00866025424836357,-1.00019999395615
ai_027_008,0.577350288434672,0,0,0,0.433012716326003,0,0,-2.13948589479444E-08,-1.0000000006313
ai_027_009,0.57753070100909,0,0,0,0.433012730411128,0,0,0.010825318421588,-1.00031248436629
ai_027_010,0.581183028772867,0,0,0,0.435039651638942,0,-0.0534891384989033,-0.0484518007073142,-1.00947274054602
ai_028_001,0.577509008493436,0,0,0,0.434191632420638,0,0.0404256307666516,0,-1.00190603456881
ai_028_002,0.57746575463839,0,0,0,0.433012722096767,0,0,-0.00866025424836357,-1.00019999395615
ai_028_003,0.57759207990061,0,0,0,0.43301274161999,0,0,0.0125323241835287,-1.00041879572144
ai_028_004,0.577368501183506,0,0,0,0.433077396420163,0,0.00946731957782007,-0.0024955716882187,-1.00012116458822
ai_028_005,0.577940113953113,0,0,0,0.433312327441574,0,-0.0204042623293072,-0.0189189279075402,-1.00143734304919
ai_028_006,0.578071826027336,0,0,0,0.433012941197051,0,0,-0.0216506473824723,-1.00124974036049
ai_028_008,0.582740620874083,0,0,0,0.441346480009928,0.158884739117086,-0.0818587982945468,0,-1.01593210717226
ai_028_009,0.577350288434671,0,0,0,0.433012716326003,0,0,0,-1.0000000006313
ai_028_010,0.577350288569839,0,0,0,0.433012716427379,0,0,0,-1.00000000016306
ai_029_001,0.577350288434671,0,0,0,0.433012716326003,0,0,0,-1.0000000006313
ai_029_002,0.57735028861691,0,0,0,0.433012716462683,0,0,0,-1
ai_029_003,0.579999198668185,0,0,0,0.433015727001681,0,0,-0.0414952684116785,-1.00458804759039
ai_029_004,0.579382686530578,0,0,0,0.43301449243127,0,0,0.0363437293201508,-1.00352021727949
ai_029_005,0.57735028861691,0,0,0,0.433012716462683,0,0,0,-1
ai_030_001,0.577379208969296,0,0,0,0.433229228376277,0,-0.017321375881916,0,-1.00035001547689
ai_030_002,0.57744539040755,0,0,0,0.433012720318997,0,0,-0.00785952764729253,-1.00016472153452
ai_030_003,0.577415089963367,0,0,0,0.433229210984718,0,-0.017322452311714,0.00483149327586699,-1.00041218181821
ai_030_004,0.57735028861691,0,0,0,0.433012716462683,0,0,0,-1
ai_030_005,0.57735028861691,0,0,0,0.433012716462683,0,0,0,-1
ai_030_007,0.577350288434671,0,0,0,0.433012716326003,0,0,0,-1.0000000006313
ai_030_008,0.577879908556591,0,0,0,0.433022106552307,0,0.00358931599997478,-0.0185275654710442,-1.00093019909587
ai_030_009,0.577350288434671,0,0,0,0.433012716326003,0,0,0,-1.0000000006313
ai_030_010,0.579969816607358,0,0,0,0.436696991878612,0,-0.071916316579536,-0.0375535446397889,-1.00965963066294
ai_031_001,0.584541136489014,0,0,0,0.433034561017713,0,0,-0.0684160825655997,-1.01245491440362
ai_031_003,0.577664638206918,0,-0.0115532925059021,0,0.432826736254185,-0.0346261381263803,0.00577664625295107,-0.0195967105446758,-1.00046228181773
ai_031_004,0.577350288604643,0,0,0,0.433012716453482,0,0,0,-1.0000000000425
ai_031_005,0.577350291578604,0,0,0,0.433012739822035,0,0.000180400134852173,0,-1.0000000385567
ai_031_006,0.57825105134348,0,0,0,0.433013066645652,0,0,-0.0241912319402677,-1.00156016716284
ai_031_007,0.593150341009782,0,0,0,0.433115172571648,0,0,-0.101558449910599,-1.02736649302038
ai_031_008,0.577350288434671,0,0,0,0.433012716326003,0,0,0,-1.0000000006313
ai_031_009,0.577350288434671,0,0,0,0.433012716326003,0,0,0,-1.0000000006313
ai_031_010,0.5809411058633,0,0,0,0.447043028463536,0,0.140441578527227,-0.0329660245389484,-1.0254537315348
ai_032_001,0.57735028848044,0,0,0,0.43301271636033,0,0,0,-1.00000000047275
ai_032_002,0.577405954775879,0,0,0,0.433012717756935,0,0,-0.00601305697963778,-1.00009641693988
ai_032_003,0.57735028861691,0,0,0,0.433012716462683,0,0,0,-1
ai_032_004,0.581150309699023,0,0,0,0.43301888786878,0,0,-0.0497087933315111,-1.00658182942674
ai_032_005,0.577350288815444,0,0,0,0.433012716611583,0,0,0,-0.99999999931226
ai_032_007,0.577589810191099,0,0,0,0.433012741147541,0,0,-0.012473360592677,-1.00041486446938
ai_032_008,0.577477891316824,0,0,0,0.433012723373365,0,0,-0.00910404095043837,-1.00022101529915
ai_032_009,0.578179311457795,0,0,0,0.433013013203359,0,0,0.0232076659277893,-1.00143590968342
ai_033_001,0.577350288434671,0,0,0,0.433012716326003,0,0,0,-1.0000000006313
ai_033_002,0.577350288434671,0,0,0,0.433012716326003,0,0,0,-1.0000000006313
ai_033_004,0.579251839367545,0,0,0,0.433014271800409,0,0,0.0351536692348265,-1.00329358335251
ai_033_005,0.577574561108412,0,0,0,0.433012738187629,0,0,-0.0120697447989843,-1.0003884515994
ai_033_007,0.577972530159431,0,0,0,0.43318173189874,0,-0.0153233233214927,-0.0197497517324932,-1.00131225154767
ai_033_008,0.578090918763349,0,0,0,0.433012953239579,0,0,0.0219352889735926,-1.00128280994824
ai_033_009,0.577350288551346,0,0,0,0.43301271641351,0,0,0,-1.00000000022712
ai_033_010,0.582926743733059,0,0,0,0.433025926018027,0,0,-0.060233428931078,-1.00965870362877
ai_034_001,0.57825234153789,0,0,0,0.433013067570035,0,0,0.0242085566792486,-1.0015624023861
ai_034_002,0.577350288569345,0,0,0,0.433012716427009,0,0,0,-1.00000000016477
ai_034_003,0.577558842332066,0,0,0,0.43301273530374,0,0,-0.0116390620325851,-1.00036122547367
ai_034_005,0.577650796709283,0,0,0,0.43301275544879,0,0,-0.0139714985509925,-1.00052049579646
ai_035_001,0.577350288434671,0,0,0,0.433012716326003,0,0,0,-1.0000000006313
ai_035_002,0.580274505288802,0,0,0,0.433016381862596,0,0,0.0436001161204687,-1.00506489262937
ai_035_003,0.577452928796645,0,0,0,0.433089696597484,0.0230981166355826,0,0,-1.00017777734542
ai_035_004,0.577573741887713,0,0,0,0.43419145747913,0,0.0404301621042703,0.00651287171661291,-1.00201833892669
ai_035_005,0.57735028861691,0,0,0,0.433012716462683,0,0,0,-1
ai_035_006,0.586828150967241,0,0,0,0.433050372936787,0,0,0.0785746066239099,-1.01641613954802
ai_035_007,0.578183233338008,0,0,0,0.433013015884046,0,0,-0.023262511443827,-1.0014427034766
ai_035_008,0.577350288434671,0,0,0,0.433012716326003,0,0,0,-1.0000000006313
ai_035_009,0.582222046674181,0,0,0,0.433022822608111,0,0,-0.0562929648742407,-1.00843813297976
ai_035_010,0.581686830987992,0,0,0,0.436265123240994,0.15123857050948,0,0,-1.00751111030499
ai_036_001,0.577490058365001,0,0,0,0.433012724880782,0,0,-0.00952821158073654,-1.00024208855299
ai_036_002,0.583846139034777,0,0,0,0.433030584663412,0,0,-0.0650187619697947,-1.01125114362342
ai_036_003,0.578138167732997,0,0,0,0.433012984529915,0,0,0.0226243129217972,-1.00136464657919
ai_036_005,0.577435598689924,0,0,0,0.433012719665798,0,0,-0.00744391291417588,-1.00014776101102
ai_036_006,0.578172876758875,0,0,0,0.433013008491587,0,0,-0.0231174047117806,-1.00142476535594
ai_036_007,0.580072954804314,0,0,0,0.433015896265699,0,0,0.0420694614284562,-1.00471579641858
ai_036_008,0.585030073554057,0,0.202420397220264,0,0.438772555165543,0,0,0,-1.01330177821429
ai_036_009,0.577350288516199,0,0,0,0.433012716387149,0,0,0,-1.00000000034887
ai_036_010,0.577350288434671,0,0,0,0.433012716326003,0,0,0,-1.00000000063129
ai_037_001,0.577792115448405,0,0,0,0.433012800725518,0,0,-0.0169414222295601,-1.00076526744221
ai_037_002,0.579607251426182,0,-0.069552868616514,0,0.43468653346572,0.0927331250666067,0,0.00405412698066895,-1.0039091738039
ai_037_003,0.577438558008496,0,0,0,0.433012719698763,0,0,-0.00757193725071275,-1.00015288801292
ai_037_004,0.577417433415801,0,0,0,0.433374590315472,-0.0115566554834345,0.0230967376902843,-0.00549202172571506,-1.00064941173025
ai_037_005,0.577350288735724,0,0,0,0.433012716551793,0,0,0,-0.99999999958842
ai_037_006,0.577350288434671,0,0,0,0.433012716326003,0,0,0,-1.0000000006313
ai_037_007,0.577350288434671,0,0,0,0.433012716326003,0,0,0,-1.0000000006313
ai_037_008,0.577350288722184,0,0,0,0.433012716541638,0,0,0,-0.999999999635322
ai_037_009,0.577350288513493,0,0,0,0.43301271638512,0,0,0,-1.00000000035825
ai_037_010,0.581957552315273,0,0.139669809433802,0,0.434376921912807,-0.104250448141027,0,-0.0426749118510624,-1.00798001564516
ai_038_002,0.650123807533131,0,0,0,0.434833973103927,0,0,-0.220604190158363,-1.1260474290334
ai_038_003,0.577434760765917,0,0,0,0.433012719414861,0,0,0.00740727541965762,-1.00014631099606
ai_038_004,0.577350288678733,0,0,0,0.433012716509049,0,0,0,-0.999999999785842
ai_038_005,0.577350288434671,0,0,0,0.433012716326003,0,0,0,-1.00000000063129
ai_038_006,0.580234637483753,0,0,0,0.433016283083229,0,0,-0.043301622501122,-1.00499583956769
ai_038_007,0.582453768245258,0,0,0,0.433023798060107,0,0,-0.0576182340417786,-1.00883948666956
ai_038_009,0.608874535331742,0,-0.0487099617377869,0,0.422816683623803,-0.112751100511911,0,-0.172512794954625,-1.05460159513812
ai_038_010,0.580750082822982,0,0,0,0.433017663011423,0,0,-0.0470154127734429,-1.00588861705457
ai_039_001,0.577465754638391,0,0,0,0.433012722096767,0,0,0.00866025424836357,-1.00019999395615
ai_039_002,0.577430881469588,0,0,0,0.433614164653538,0,-0.0288715445036989,0,-1.00097234711797
ai_039_003,0.577430881226489,0,0,0,0.433614164470986,0,-0.028871544491544,0,-1.00097234795712
ai_039_004,0.577812107076924,0,0,0,0.433012808529701,0,0,-0.0173205119540444,-1.0007998939574
ai_039_005,0.577861214518024,0,0,0,0.433012829162051,0,0,0.0182182698400432,-1.00088495053764
ai_039_006,0.577379155707229,0,0,0,0.433012716686794,0,0,0.00433012707008205,-1.00005000021241
ai_039_007,0.578869346419089,0,0,0,0.433013710284831,0,0,-0.0314180574061281,-1.00263108615391
ai_039_008,0.577580011452922,0,0,0,0.434191440506971,0,-0.0404305966705304,-0.00682098252421344,-1.00202921531959
ai_039_009,0.578120217120768,0,0,0,0.438428442011495,0,0.0867180360139802,0.0033076491929259,-1.00878806234581
ai_039_010,0.577350288434671,0,0,0,0.433012716326003,0,0,0,-1.0000000006313
ai_041_001,0.578865652159166,0,0,0,0.433013705468816,0,0,0.0313798136402606,-1.00262468750823
ai_041_002,0.577368825390533,0,0,0,0.433012716474778,0,0,-0.00346989493478456,-1.00003210757962
ai_041_003,0.579602201011559,0,0,0,0.43995029186044,0,0.0985323752083746,0.0295020280080924,-1.01347992487468
ai_041_004,0.577350288434671,0,0,0,0.433012716326003,0,0,0,-1.00000000063129
ai_041_005,0.577435571257867,0,0,0,0.433012719552397,0,0,0.00744272244584094,-1.00014771426895
ai_041_006,0.577350288434671,0,0,0,0.433012716326003,0,0,0,-1.00000000063129
ai_041_007,0.591771625236917,0,0,0,0.433098464679279,0,0,-0.0970033588977433,-1.02497848741032
ai_041_008,0.579524123702513,0,0,0,0.447236712006752,0,-0.140824362474219,-0.00701148214161569,-1.02314802029753
ai_041_009,0.578071826409177,0,0,0,0.433012941483074,0,0,-0.0216506473967735,-1.00124973904188
ai_041_010,0.583500215300424,0,0,0,0.433028751142555,0,0,0.0632604350302578,-1.01065198607727
ai_042_001,0.577351527098788,0,0,0,0.433012716326667,0,0,0.000896959452225033,-1.00000214606041
ai_042_002,0.577418660757823,0,0,0,0.433012718349734,0,0,-0.00666408320873889,-1.00011842496495
ai_042_003,0.581386789557353,0,0,0,0.4459998082767,-0.0118933279548754,-0.133718964023926,0.0356799838646262,-1.02444551085288
ai_042_004,0.577396605842783,0,0,0,0.433012717254779,0,0,-0.00548492866300783,-1.0000802247328
ai_042_005,0.57866181912902,0,0,0,0.437723177926976,0,0.0810126550229722,-0.0210470793881706,-1.00877758092125
ai_043_002,0.577350288434671,0,0,0,0.433012716326003,0,0,0,-1.0000000006313
ai_043_003,0.57749107933935,0,0,0,0.43301272506506,0,0,0.00956294723280956,-1.00024385651437
ai_043_004,0.57919682512667,0,0,0,0.43301418348596,0,0,0.0346411339045871,-1.00319829513948
ai_043_005,0.578287904797142,0,0,0,0.43381449957419,0,-0.0334098200675029,0.0232885856585796,-1.00273716870341
ai_043_006,0.577353806010626,0,0,0,0.43301271633136,0,0,0.00151153398885993,-1.00000609325137
ai_043_007,0.577350288679867,0,0,0,0.4330127165099,0,0,0,-0.999999999781912
ai_043_008,0.577362443281524,0,0,0,0.433012716389969,0,0,0.00280977447252977,-1.00002105344291
ai_043_009,0.577487906870791,0,0,0,0.433012724604337,0,0,-0.00945459058382367,-1.00023836218199
ai_043_010,0.577422472526248,0,0,0,0.433012718581642,0,0,-0.00684732954105731,-1.00012502714132
ai_044_001,0.577350288434671,0,0,0,0.433012716326003,0,0,0,-1.0000000006313
ai_044_002,0.578222728936935,0,-0.034693362960759,0,0.433667046702701,0.0578222737553125,0,0,-1.00151111185838
ai_044_003,0.57735028861691,0,0,0,0.433012716462683,0,0,0,-1
ai_044_004,0.585943752867902,0,0,0,0.435402877537518,0,-0.0585943761599144,-0.0740184899599391,-1.01825606229005
ai_044_005,0.593932901074146,0,0,0,0.433125280101159,0,0,-0.104057221818646,-1.02872192730583
ai_044_006,0.58075232868456,0,0.0116150463140747,0,0.433036914529286,0,0,-0.0468534256566065,-1.0058925070008
ai_044_007,0.577687322580172,0,0,0,0.433012765455287,0,0,-0.0147963324697024,-1.0005837608761
ai_044_008,0.586716764544994,0,0,0,0.434556134544034,0,0.0469373357430877,-0.0776742124379145,-1.01838654848595
ai_044_009,0.578363211207553,0,0,0,0.433013159123757,0,0,-0.0256535829800453,-1.00175443375579
ai_044_010,0.577812107092213,0,0,0,0.433012808541158,0,0,0.0173205119545027,-1.00079989390455
ai_045_001,0.577447676410794,0,0,0,0.433012720431453,0,0,-0.00795343496099031,-1.00016868154847
ai_045_004,0.577369749642188,0,0,0,0.433012716489983,0,0,-0.00355534759543915,-1.00003370843039
ai_045_005,0.581448044739452,0,0,0,0.433019885377635,0,0,0.0516217737869835,-1.00709752251611
ai_045_006,0.57736587596785,0,0,0,0.433012716431201,0,0,0.00318189341291252,-1.00002699902984
ai_045_008,0.577412012351999,0,0,0,0.433012718126835,0,0,-0.00633178056523136,-1.00010690853904
ai_045_010,0.577350288434671,0,0,0,0.433012716326003,0,0,0,-1.0000000006313
ai_046_001,0.577350288619063,0,0,0,0.433012716464297,0,0,0,-0.999999999992543
ai_046_002,0.577419231122224,0,0,0,0.433012718383635,0,0,-0.00669182204382548,-1.00011941286504
ai_046_003,0.577362448995517,0,0,0,0.43301271639003,0,0,-0.00281043483455318,-1.00002106333984
ai_046_004,0.57735028861691,0,0,0,0.433012716462683,0,0,0,-1
ai_046_005,0.577411998218766,0,0,0,0.433012717974581,0,0,0.00633106596055673,-1.00010688510918
ai_046_006,0.57735028861691,0,0,0,0.433012716462683,0,0,0,-1
ai_046_007,0.578755430865664,0,0,0,0.434066573149248,0.0856558048720066,0,0,-1.00243377863406
ai_046_008,0.578569511711954,0,0,0,0.433013357292818,0,0,0.0281458671916489,-1.00211175722426
ai_046_009,0.577350288434671,0,0,0,0.433012716326003,0,0,0,-1.00000000063129
ai_047_001,0.581193612457724,0,0,0,0.457270438071111,0,0.184342873225859,-0.00483951248503965,-1.03935247262546
ai_047_002,0.583833346829745,0,0,0,0.433030515143885,0,0,0.0649545798526457,-1.01122898679279
ai_047_003,0.578274048915872,0,0,0,0.433705536686904,0.0693928843188528,0,0,-1.00160000066644
ai_047_004,0.577350288434671,0,0,0,0.433012716326003,0,0,0,-1.0000000006313
ai_047_005,0.577379811027752,0,0,0,0.43301271670336,0,0,0.00437900111892725,-1.00005113526081
ai_047_006,0.57735028861691,0,0,0,0.433012716462683,0,0,0,-1
ai_047_007,0.57749011814853,0,0,0,0.433012724947081,0,0,0.0095302465054528,-1.00024219169187
ai_047_008,0.577350288437508,0,0,0,0.433012716327964,0,1.73750852254133E-06,-1.35742123930898E-06,-1.00000000064074
ai_047_009,0.588076789808883,0,0,0,0.433060745790793,0,0,0.0836073575146262,-1.01857884539132
ai_048_001,0.581910597144075,0,0,0,0.433021581149256,0,0,-0.0544612544390147,-1.00789868675588
ai_048_002,0.577424009249748,0,0,0,0.433012718678693,0,0,-0.00691983346199395,-1.00012768882441
ai_048_003,0.578697889070904,0,0,0,0.433013499032662,0,0,0.0295911471388933,-1.00233411332523
ai_048_004,0.577375948786507,0,0,0,0.43303196158988,0.011547518717623,0,0,-1.00004444390454
ai_048_005,0.577350288512388,0,0,0,0.433012716384291,0,0,0,-1.00000000036208
ai_048_006,0.577410345870212,0,0,0,0.433461475997999,0,0.0249382596028967,0,-1.00072548850097
ai_048_007,0.577371763841085,0,0,0,0.433012716525683,0,0,-0.00373480556278949,-1.0000371971251
ai_048_008,0.57854060948192,0,0,0,0.441179623997506,0,0.106553992414021,-0.00457944444239769,-1.01326679450872
ai_048_009,0.57746575463839,0,0,0,0.433012722096767,0,0,-0.00866025424836357,-1.00019999395615
ai_048_010,0.577350288434671,0,0,0,0.433012716326003,0,0,0,-1.0000000006313
ai_050_001,0.587352747853331,0,0,0,0.433054582658896,0,0,-0.0807267415063755,-1.0173247679785
ai_050_002,0.577350288434671,0,0,0,0.433012716326003,0,0,0,-1.0000000006313
ai_050_003,0.577776412687916,0,0,0,0.435924291388484,0,0.0635554050512892,0.00435924281644817,-1.00475822884804
ai_050_004,0.57964765917612,0,0,0,0.433014983667895,0,0,0.0386418343578866,-1.00397916334918
ai_050_005,0.577350288434671,0,0,0,0.433012716326003,0,0,0,-1.0000000006313
ai_051_001,0.577702292839512,0,0,0,0.433012769913859,0,0,0.0151214041856005,-1.00060969012503
ai_051_002,0.577350288434671,0,0,0,0.433012716326003,0,0,0,-1.0000000006313
ai_051_003,0.57822434509999,0,0,0,0.433013046137603,0,0,-0.023829825574997,-1.00151391113481
ai_051_004,0.577423671743647,0,0,0,0.433152890367542,0,0.0139391345473117,0.00596208078448581,-1.00032133948155
ai_051_005,0.577814514154552,0,0,0,0.433012809492594,0,0,0.017365598093352,-1.00080406313801
ai_052_001,0.577656971798935,0,0,0,0.433012757009528,0,0,0.0141143319965868,-1.00053119178267
ai_052_002,0.577837323490389,0,0,0,0.435181914962849,0,-0.0548760627180485,0.0112733267328743,-1.00384342116167
ai_052_003,0.577934788190384,0,0,0,0.433012863961218,0,0,0.0194860990702982,-1.00101238387209
ai_052_004,0.577874349403615,0,0,0,0.433012835032814,0,0,0.0184509966488774,-1.00090770082609
ai_052_005,0.577455570680186,0,0,0,0.433012721123877,0,0,0.00826951670497601,-1.0001823548237
ai_052_006,0.578329866286486,0,0,0,0.43301313050992,0,0,0.0252276745937011,-1.00169667861117
ai_052_007,0.578447792263157,0,0,0,0.433013235919439,0,0,0.0267035059312311,-1.00190093296157
ai_052_008,0.578662855730691,0,0,0,0.433013458955649,0,0,0.0292038259841716,-1.00227343380201
ai_052_009,0.578093737340929,0,0,0,0.433012955043904,0,0,0.0219769973517184,-1.00128769186766
ai_052_010,0.577350288434671,0,0,0,0.433012716326003,0,0,0,-1.0000000006313
ai_053_001,0.582396519899868,0,0,0,0.433023552955461,0,0,-0.0572936508789173,-1.00874032962994
ai_053_002,0.577381507773303,0,0,0,0.43301271674798,0,0,-0.0045030810264137,-1.00005407411021
ai_053_003,0.577353151345674,0,0,0,0.433012716329551,0,0,-0.00136364102411733,-1.00000495933845
ai_053_004,0.584221484925823,0,0,0,0.433032683766649,0,0,0.0668747933071833,-1.01190126167356
ai_053_005,0.578842050240528,0,0,0,0.433013674974849,0,0,-0.031134374789304,-1.00258380778733
ai_053_006,0.577350534751332,0,0,0,0.43301271632603,0,0,-0.000399984226223845,-1.00000042726425
ai_053_007,0.581426032612286,0,0,0,0.433019809098707,0,0,0.0514827649821246,-1.00705939639472
ai_053_008,0.577350339606477,0,0,0,0.433012716326005,0,0,-0.000182310352843602,-1.00000008926346
ai_053_009,0.580358353519852,0,0,0,0.433016593968118,0,0,0.044221343881136,-1.00521012202092
ai_053_010,0.577350288784824,0,0,0,0.433012716588618,0,0,0,-0.99999999941833
ai_053_011,0.57735028855955,0,0,0,0.433012716419663,0,0,0,-1.0000000001987
ai_053_012,0.577966945411929,0,0,0,0.433012880634615,0,0,-0.0200150461705781,-1.00106808181182
ai_053_013,0.577350288784824,0,0,0,0.433012716588618,0,0,0,-0.99999999941833
ai_053_014,0.577810307804488,0,0,0,0.433012807813208,0,0,-0.0172867336446362,-1.00079677752623
ai_053_015,0.577350288784824,0,0,0,0.433012716588618,0,0,0,-0.99999999941833
ai_053_016,0.577350288784824,0,0,0,0.433012716588618,0,0,0,-0.99999999941833
ai_053_017,0.577350288561913,0,0,0,0.433012716421435,0,0,0,-1.00000000019052
ai_053_018,0.57735028864872,0,0,0,0.43301271648654,0,0,0,-0.999999999889807
ai_053_019,0.577350288784824,0,0,0,0.433012716588618,0,0,0,-0.99999999941833
ai_053_020,0.577350288434671,0,0,0,0.433012716326003,0,0,0,-1.0000000006313
ai_054_001,0.584985427926388,0,0,0,0.433037306652986,0,0,-0.0705029319973711,-1.01322444972136
ai_054_002,0.577548218430924,0,0,0,0.433012733278129,0,0,0.0113387240757902,-1.00034282542994
ai_054_003,0.577350288434671,0,0,0,0.433012716326003,0,0,0,-1.00000000063129
ai_054_004,0.577350288434671,0,0,0,0.433012716326003,0,0,0,-1.0000000006313
ai_054_005,0.580405648327641,0,0,0,0.433016716210392,0,0,-0.0445679433656995,-1.00529203902827
ai_054_006,0.577871459690938,0,0,0,0.433012833728478,0,0,0.0184000484900032,-1.00090269569707
ai_054_007,0.577350288434671,0,0,0,0.433012716326003,0,0,0,-1.0000000006313
ai_054_008,0.577404485320499,0,0,0,0.433012717597633,0,0,-0.00593316627884026,-1.00009387238809
ai_054_009,0.57977492624768,0,0,0,0.43301524072699,0,0,-0.0396984781823187,-1.00419959637604
ai_054_010,0.577350288567463,0,0,0,0.433012716425597,0,0,0,-1.00000000017129
ai_055_001,0.577350288434671,0,0,0,0.433012716326003,0,0,0,-1.0000000006313
ai_055_002,0.577350288434671,0,0,0,0.433012716326003,0,0,0,-1.0000000006313
ai_055_003,0.57751604358275,0,0,0,0.433012728216034,0,0,-0.0103762366906404,-1.00028709695999
ai_055_004,0.577350288608153,0,0,0,0.433012716456115,0,0,0,-1.00000000003034
ai_055_005,0.580440705704663,0,-0.1160881255723,0,0.434030902841627,0,-0.0116088030430654,0.0347224714512224,-1.00780259557287
ai_055_006,0.577470992239257,0,0,0,0.433012722710049,0,0,0.00885449546774132,-1.00020906520633
ai_055_007,0.577376237449224,0,0,0,0.433012716880163,0,0,-0.00410539629756077,-1.00004494382191
ai_055_008,0.577350288434671,0,0,0,0.433012716326003,0,0,0,-1.0000000006313
ai_055_009,0.578021330545659,0,0,0,0.433012910857958,0,0,0.0208791636222784,-1.00116227962353
ai_055_010,0.577350288784824,0,0,0,0.433012716588618,0,0,0,-0.99999999941833
